Res1,Res2,MinDist,Conservation
12,16,17.93,1.0
45,48,0.0,1.0
47,51,2.64,1.0
48,52,0.0,1.0
49,53,3.13,1.0
50,54,4.48,1.0
51,55,3.39,1.0
52,56,4.8,1.0
92,97,6.96,1.0
93,97,6.96,1.0
94,98,5.94,1.0
95,99,6.94,1.0
96,100,4.15,1.0
97,101,2.51,1.0
98,102,4.0,1.0
100,106,2.55,1.0
106,110,2.55,1.0
107,111,0.0,1.0
108,112,3.2,1.0
109,113,4.67,1.0
110,114,2.89,1.0
111,115,2.63,1.0
112,116,7.15,1.0
113,117,6.58,1.0
123,127,6.35,1.0
124,128,11.4,1.0
157,161,8.77,1.0
158,162,14.52,1.0
159,163,15.76,1.0
160,164,11.42,1.0
161,165,8.77,1.0
162,166,14.52,1.0
163,167,15.42,1.0
175,179,14.17,1.0
176,180,14.65,1.0
177,181,11.76,1.0
178,182,8.12,1.0
179,183,12.13,1.0
252,256,11.86,1.0
253,257,16.3,1.0
254,258,19.15,1.0
255,259,17.92,1.0
256,260,18.71,1.0
257,261,20.85,1.0
258,262,23.14,1.0
36,39,15.16,0.9852941176470588
53,57,7.14,0.9852941176470588
54,58,8.64,0.9852941176470588
99,103,5.28,0.9852941176470588
55,59,8.55,0.9850746268656716
180,184,12.29,0.9846153846153848
251,255,17.27,0.9846153846153848
114,118,5.31,0.9777777777777776
218,238,6.79,0.9767441860465116
222,234,11.96,0.9767441860465116
224,232,17.24,0.9767441860465116
220,236,8.5,0.9761904761904762
43,46,3.07,0.9705882352941176
9,13,22.59,0.9701492537313432
81,85,3.61,0.9701492537313432
10,14,20.83,0.9696969696969696
140,144,2.38,0.967741935483871
93,96,10.07,0.9558823529411764
106,109,2.55,0.9558823529411764
250,254,16.44,0.9558823529411764
164,168,9.65,0.9552238805970148
46,49,3.07,0.9411764705882352
97,113,6.58,0.9411764705882352
125,129,13.98,0.9411764705882352
127,132,10.0,0.9411764705882352
165,169,10.45,0.9411764705882352
100,109,4.15,0.9393939393939394
111,141,0.0,0.9393939393939394
126,130,10.71,0.9393939393939394
166,170,14.91,0.9310344827586208
181,185,8.75,0.9264705882352942
182,186,8.12,0.9264705882352942
200,201,18.53,0.9264705882352942
123,137,6.35,0.9245283018867924
207,223,11.88,0.9242424242424242
209,221,2.86,0.9242424242424242
80,107,0.0,0.9230769230769232
11,15,16.41,0.921875
183,187,11.95,0.921875
186,208,8.26,0.9193548387096774
128,131,14.99,0.9117647058823528
132,135,10.51,0.9117647058823528
192,195,7.53,0.9117647058823528
201,204,20.93,0.9117647058823528
211,219,3.22,0.9104477611940298
84,106,2.55,0.8970588235294118
142,145,0.0,0.8970588235294118
139,154,5.63,0.8955223880597015
196,220,8.5,0.8955223880597015
83,100,4.15,0.8939393939393939
87,91,13.57,0.8936170212765957
136,155,8.69,0.8923076923076924
48,105,0.0,0.8888888888888888
97,112,6.96,0.8888888888888888
184,188,9.94,0.8805970149253731
138,154,6.15,0.8771929824561403
249,253,11.71,0.875
161,221,7.49,0.8717948717948718
37,159,17.19,0.8676470588235294
41,156,8.88,0.8676470588235294
48,141,0.0,0.8676470588235294
43,154,4.91,0.8656716417910447
51,113,3.39,0.86
23,33,20.0,0.8571428571428571
102,185,4.0,0.8518518518518519
66,95,10.83,0.8484848484848485
42,147,4.57,0.8461538461538461
70,92,11.3,0.8382352941176471
169,223,12.84,0.8378378378378378
78,108,3.07,0.8333333333333334
205,225,16.8,0.8333333333333334
139,146,3.04,0.8297872340425532
206,224,15.08,0.8292682926829268
259,263,20.22,0.8275862068965517
165,221,7.49,0.8181818181818182
186,207,8.45,0.8148148148148148
148,151,7.45,0.8088235294117647
73,76,7.36,0.8059701492537313
81,108,3.2,0.8048780487804879
103,190,5.28,0.803030303030303
68,94,10.61,0.8
167,171,15.42,0.8
213,217,3.24,0.7966101694915254
168,173,9.65,0.7948717948717948
44,47,2.59,0.7941176470588235
151,153,7.59,0.7941176470588235
157,160,14.05,0.7941176470588235
98,185,5.94,0.7906976744186046
56,182,8.12,0.7857142857142857
114,140,2.5,0.7837837837837838
54,126,8.64,0.78125
74,77,6.94,0.7794117647058824
197,208,8.26,0.7692307692307693
114,119,5.31,0.7678571428571429
134,160,14.51,0.7666666666666667
56,185,8.75,0.7627118644067796
40,134,12.16,0.7608695652173914
72,84,6.77,0.7551020408163265
21,35,17.46,0.75
50,127,4.48,0.75
56,174,11.01,0.75
204,226,20.93,0.7450980392156863
41,158,8.88,0.7413793103448276
40,155,8.69,0.7352941176470589
136,138,9.04,0.7352941176470589
83,92,8.46,0.7346938775510204
200,224,17.24,0.7346938775510204
214,217,3.87,0.7205882352941176
55,94,8.55,0.7166666666666667
51,123,3.39,0.6923076923076923
65,68,15.88,0.6911764705882353
197,200,11.6,0.6911764705882353
51,114,3.39,0.6875
47,144,2.38,0.6862745098039216
56,60,11.01,0.6818181818181818
105,209,0.0,0.6785714285714286
83,86,8.46,0.6764705882352942
57,61,12.96,0.6511627906976745
195,198,9.45,0.6470588235294118
117,123,6.35,0.6444444444444445
223,233,13.88,0.6363636363636364
152,155,8.69,0.6323529411764706
215,240,7.48,0.631578947368421
200,206,15.08,0.625
206,222,11.96,0.625
148,149,7.45,0.6176470588235294
217,239,6.41,0.6153846153846154
51,117,3.39,0.6097560975609756
145,214,0.0,0.6
78,81,3.07,0.5882352941176471
195,220,8.5,0.5789473684210527
47,137,2.64,0.575
7,11,19.93,0.5735294117647058
120,124,8.51,0.5735294117647058
60,175,17.06,0.5714285714285714
211,218,3.22,0.5625
6,10,23.48,0.5588235294117647
4,8,20.56,0.5441176470588235
121,125,12.45,0.5441176470588235
83,104,2.6,0.5416666666666666
70,97,6.96,0.5384615384615384
41,237,8.6,0.5294117647058824
122,126,10.71,0.5294117647058824
77,88,6.94,0.5208333333333334
8,12,19.5,0.5151515151515151
41,42,5.29,0.5147058823529411
139,151,5.63,0.4925373134328358
49,182,3.13,0.4827586206896552
218,249,6.79,0.4791666666666667
119,123,6.35,0.4642857142857143
80,104,2.6,0.4571428571428571
40,152,10.8,0.4482758620689655
165,233,10.45,0.4464285714285714
82,104,2.6,0.4347826086956521
130,173,13.06,0.4285714285714285
5,9,23.69,0.4264705882352941
50,161,4.48,0.4047619047619047
64,68,14.81,0.3947368421052631
162,235,12.69,0.3863636363636363
187,197,11.6,0.3783783783783784
226,229,21.7,0.3676470588235294
247,251,17.08,0.3582089552238806
248,252,9.65,0.3582089552238806
246,250,15.85,0.3529411764705882
245,249,9.85,0.3432835820895522
165,186,8.45,0.3409090909090909
244,248,9.65,0.3384615384615385
84,87,6.77,0.3382352941176471
20,237,8.6,0.3333333333333333
54,123,6.35,0.3137254901960784
50,168,4.48,0.3061224489795918
22,235,12.69,0.303030303030303
115,118,9.65,0.3018867924528302
114,120,5.31,0.2962962962962963
66,94,10.61,0.2666666666666666
189,197,6.02,0.2580645161290322
58,64,13.55,0.2575757575757575
234,236,10.81,0.25
26,231,18.25,0.238095238095238
58,63,13.55,0.2363636363636363
114,117,5.31,0.2352941176470588
244,247,14.67,0.2352941176470588
24,233,15.22,0.2333333333333333
134,157,14.05,0.2222222222222222
224,234,13.78,0.2222222222222222
236,255,10.81,0.2131147540983606
64,65,14.81,0.2058823529411764
3,7,22.27,0.1940298507462686
189,192,6.02,0.1911764705882352
25,30,22.2,0.1818181818181818
69,96,10.07,0.1764705882352941
173,174,12.91,0.1764705882352941
22,158,15.21,0.1666666666666666
224,231,17.24,0.1666666666666666
204,263,20.93,0.1538461538461538
146,153,3.04,0.15
2,6,26.0,0.1428571428571428
236,252,10.81,0.1428571428571428
113,116,6.58,0.1323529411764706
232,263,17.99,0.125
224,263,17.24,0.1129032258064516
201,260,21.7,0.1034482758620689
7,10,22.27,0.1029411764705882
226,263,22.31,0.0967741935483871
26,233,15.22,0.0888888888888888
1,4,22.62,0.088235294117647
12,36,18.39,0.088235294117647
205,207,11.88,0.088235294117647
241,243,12.53,0.088235294117647
25,29,22.2,0.087719298245614
195,252,9.45,0.087719298245614
126,173,10.71,0.0784313725490196
8,19,16.37,0.0746268656716417
22,162,14.52,0.0735294117647058
23,232,17.99,0.0735294117647058
8,35,19.83,0.0727272727272727
26,166,14.91,0.0701754385964912
200,260,18.53,0.0689655172413793
174,182,8.12,0.0666666666666666
18,238,9.86,0.0652173913043478
223,230,13.88,0.0606060606060606
205,230,16.8,0.0597014925373134
25,28,22.2,0.0588235294117647
183,207,11.88,0.0588235294117647
7,254,19.15,0.0454545454545454
15,241,12.53,0.0454545454545454
22,31,17.45,0.0454545454545454
12,19,16.37,0.03125
183,205,12.13,0.0298507462686567
186,221,7.49,0.0217391304347826
66,185,8.75,0.0172413793103448
157,158,14.05,0.0147058823529411
19,35,16.37,0.0
54,57,8.64,0.0
121,122,12.17,0.0
