Contact,Count,Interaction_Type,Int_Type_Count,Location,Location_Count
"(5, 13)",0.15942028985507245,hbond,0.8181818181818182,mc-mc,0.7272727272727273
"(5, 16)",0.028985507246376812,hbond,1.0,mc-mc,1.0
"(13, 17)",0.2028985507246377,hbond,0.9285714285714286,mc-mc,0.9285714285714286
"(14, 18)",0.21739130434782608,hydrophobic,0.6,sc-sc,0.6666666666666666
"(15, 19)",0.21739130434782608,hbond,0.9333333333333333,mc-mc,0.9333333333333333
"(16, 20)",0.21739130434782608,hbond,1.0,mc-mc,1.0
"(17, 21)",0.391304347826087,hbond,1.0,mc-mc,1.0
"(20, 23)",0.10144927536231885,saltbridge,0.5714285714285714,sc-sc,0.5714285714285714
"(21, 29)",0.5652173913043478,hydrophobic,0.6410256410256411,sc-sc,0.9743589743589743
"(22, 27)",0.8260869565217391,hbond,0.5087719298245614,mc-mc,0.5087719298245614
"(22, 29)",0.8840579710144928,hbond,0.7540983606557377,sc-mc,0.7540983606557377
"(22, 45)",0.8115942028985508,saltbridge,0.9107142857142857,sc-sc,1.0
"(24, 25)",0.028985507246376812,saltbridge,1.0,sc-sc,1.0
"(24, 278)",0.014492753623188406,saltbridge,1.0,sc-sc,1.0
"(27, 272)",0.014492753623188406,hydrophobic,1.0,sc-sc,1.0
"(28, 261)",0.8115942028985508,hbond,0.5892857142857143,mc-mc,0.5178571428571429
"(29, 279)",0.014492753623188406,hydrophobic,1.0,sc-sc,1.0
"(30, 259)",0.7971014492753623,hbond,0.5454545454545454,mc-mc,0.5818181818181818
"(31, 44)",0.8840579710144928,hbond,0.9344262295081968,mc-mc,0.9508196721311475
"(31, 283)",0.028985507246376812,hydrophobic,1.0,sc-sc,1.0
"(32, 182)",0.7391304347826086,hydrophobic,0.5294117647058824,sc-sc,0.6274509803921569
"(32, 257)",0.7971014492753623,hbond,0.5272727272727272,mc-mc,0.5818181818181818
"(33, 42)",0.8695652173913043,hbond,0.7,mc-mc,0.7
"(33, 287)",0.028985507246376812,hydrophobic,1.0,sc-sc,1.0
"(35, 38)",0.34782608695652173,hbond,0.9583333333333334,sc-mc,0.4166666666666667
"(35, 39)",0.8405797101449275,hbond,0.8448275862068966,mc-mc,0.8275862068965517
"(35, 40)",0.7681159420289855,hbond,0.8867924528301887,mc-mc,0.9056603773584906
"(35, 287)",0.07246376811594203,saltbridge,0.4,sc-mc,0.6
"(36, 245)",0.028985507246376812,hydrophobic,1.0,sc-sc,1.0
"(37, 252)",0.36231884057971014,hydrophobic,0.56,sc-sc,0.64
"(38, 40)",0.4782608695652174,hbond,1.0,sc-mc,0.9393939393939394
"(42, 286)",0.36231884057971014,hydrophobic,0.64,sc-sc,0.84
"(50, 260)",0.5072463768115942,pipi,0.37142857142857144,sc-sc,0.7142857142857143
"(52, 241)",0.8115942028985508,hbond,0.7678571428571429,mc-sc,1.0
"(55, 185)",0.028985507246376812,hbond,1.0,mc-sc,1.0
"(59, 155)",0.4927536231884058,hydrophobic,0.47058823529411764,sc-sc,1.0
"(63, 72)",0.014492753623188406,saltbridge,1.0,sc-sc,1.0
"(64, 75)",0.391304347826087,hydrophobic,0.6296296296296297,sc-sc,0.6666666666666666
"(67, 72)",0.08695652173913043,hbond,0.5,mc-mc,0.6666666666666666
"(74, 77)",0.2318840579710145,hbond,1.0,mc-mc,0.75
"(75, 111)",0.13043478260869565,hbond,0.7777777777777778,mc-mc,0.7777777777777778
"(77, 110)",0.15942028985507245,hbond,0.5454545454545454,mc-mc,0.5454545454545454
"(78, 106)",0.07246376811594203,hbond,0.4,sc-sc,0.6
"(78, 112)",0.028985507246376812,saltbridge,1.0,sc-sc,1.0
"(79, 113)",0.11594202898550725,hydrophobic,0.625,sc-sc,1.0
"(81, 108)",0.10144927536231885,hydrophobic,0.5714285714285714,sc-sc,1.0
"(82, 90)",0.057971014492753624,hbond,0.75,mc-mc,0.5
"(93, 94)",0.07246376811594203,hydrophobic,0.8,sc-sc,0.8
"(100, 103)",0.2028985507246377,hbond,1.0,mc-mc,1.0
"(118, 203)",0.5072463768115942,hydrophobic,0.6,sc-sc,0.9428571428571428
"(135, 143)",0.36231884057971014,hbond,0.88,mc-mc,1.0
"(136, 144)",0.36231884057971014,hbond,0.92,mc-mc,0.88
"(137, 145)",0.36231884057971014,hbond,1.0,mc-mc,1.0
"(138, 146)",0.36231884057971014,hbond,1.0,mc-mc,1.0
"(146, 149)",0.2898550724637681,hbond,0.8,mc-sc,0.8
"(148, 155)",0.7101449275362319,hbond,0.5510204081632653,sc-mc,0.8571428571428571
"(152, 154)",0.15942028985507245,hbond,0.9090909090909091,sc-sc,0.8181818181818182
"(153, 154)",0.028985507246376812,saltbridge,0.5,sc-sc,1.0
"(163, 166)",0.8840579710144928,hbond,1.0,mc-mc,0.9672131147540983
"(188, 189)",0.07246376811594203,hydrophobic,0.8,sc-sc,1.0
"(190, 253)",0.43478260869565216,hydrophobic,0.5333333333333333,sc-sc,0.7666666666666667
"(197, 198)",0.057971014492753624,hydrophobic,1.0,sc-sc,1.0
"(205, 208)",0.13043478260869565,hbond,0.5555555555555556,sc-sc,0.4444444444444444
"(207, 210)",0.8695652173913043,hbond,1.0,mc-mc,0.9666666666666667
"(208, 247)",0.5362318840579711,cationpi,0.4594594594594595,sc-sc,1.0
"(210, 212)",0.7246376811594203,hbond,1.0,sc-mc,0.64
"(212, 273)",0.014492753623188406,hbond,1.0,mc-sc,1.0
"(217, 220)",0.5942028985507246,hbond,0.975609756097561,mc-mc,0.975609756097561
"(221, 284)",0.028985507246376812,hydrophobic,1.0,sc-sc,1.0
"(225, 284)",0.028985507246376812,hydrophobic,0.5,sc-sc,0.5
"(225, 295)",0.07246376811594203,hydrophobic,0.6,sc-sc,0.6
"(227, 229)",0.014492753623188406,hbond,1.0,sc-sc,1.0
"(230, 231)",0.5217391304347826,hbond,1.0,sc-mc,1.0
"(232, 233)",0.043478260869565216,hbond,1.0,mc-sc,0.6666666666666666
"(237, 266)",0.6086956521739131,hbond,0.8809523809523809,mc-mc,0.8571428571428571
"(238, 240)",0.18840579710144928,hbond,1.0,mc-sc,1.0
"(245, 247)",0.6376811594202898,hydrophobic,0.9772727272727273,sc-sc,1.0
"(245, 253)",0.2463768115942029,hydrophobic,0.5882352941176471,sc-sc,0.8823529411764706
"(254, 287)",0.043478260869565216,hydrophobic,0.6666666666666666,sc-sc,0.6666666666666666
"(256, 287)",0.014492753623188406,hydrophobic,1.0,sc-sc,1.0
"(258, 276)",0.028985507246376812,hydrophobic,0.5,sc-sc,1.0
"(261, 262)",0.043478260869565216,saltbridge,0.6666666666666666,sc-sc,0.6666666666666666
"(262, 264)",0.028985507246376812,hbond,1.0,sc-mc,0.5
"(266, 268)",0.043478260869565216,hbond,1.0,sc-mc,0.6666666666666666
"(272, 275)",0.014492753623188406,hydrophobic,1.0,sc-sc,1.0
"(277, 280)",0.17391304347826086,saltbridge,0.5833333333333334,sc-sc,0.75
"(283, 286)",0.13043478260869565,hbond,0.7777777777777778,mc-mc,0.6666666666666666
"(283, 287)",0.4782608695652174,hbond,0.6666666666666666,mc-mc,0.9393939393939394
"(284, 285)",0.014492753623188406,hydrophobic,1.0,sc-sc,1.0
"(284, 295)",0.057971014492753624,hbond,0.5,sc-sc,0.25
"(287, 295)",0.014492753623188406,hydrophobic,1.0,sc-sc,1.0
"(6, 14)",0.18840579710144928,hbond,0.6153846153846154,mc-mc,0.6153846153846154
"(12, 16)",0.13043478260869565,hbond,0.8888888888888888,mc-mc,0.6666666666666666
"(18, 280)",0.15942028985507245,hydrophobic,0.6363636363636364,sc-sc,0.8181818181818182
"(23, 26)",0.2898550724637681,hbond,1.0,mc-mc,1.0
"(28, 48)",0.782608695652174,saltbridge,0.7407407407407407,sc-sc,1.0
"(29, 31)",0.6811594202898551,hydrophobic,1.0,sc-sc,1.0
"(31, 33)",0.14492753623188406,hydrophobic,1.0,sc-sc,1.0
"(31, 277)",0.15942028985507245,hydrophobic,0.6363636363636364,sc-sc,1.0
"(33, 281)",0.17391304347826086,hydrophobic,0.75,sc-sc,1.0
"(34, 182)",0.4927536231884058,hydrophobic,0.5588235294117647,sc-sc,0.7058823529411765
"(35, 37)",0.5942028985507246,hbond,1.0,sc-mc,0.975609756097561
"(40, 179)",0.08695652173913043,hydrophobic,1.0,sc-sc,1.0
"(42, 284)",0.13043478260869565,hydrophobic,0.8888888888888888,sc-sc,1.0
"(58, 59)",0.2028985507246377,hydrophobic,1.0,sc-sc,1.0
"(65, 68)",0.3188405797101449,hbond,0.9090909090909091,mc-sc,0.7727272727272727
"(75, 77)",0.13043478260869565,saltbridge,0.5555555555555556,sc-sc,0.5555555555555556
"(80, 110)",0.782608695652174,hydrophobic,0.5555555555555556,sc-sc,0.8333333333333334
"(81, 131)",0.10144927536231885,hbond,0.5714285714285714,mc-sc,1.0
"(102, 105)",0.2608695652173913,hbond,0.9444444444444444,mc-sc,0.6666666666666666
"(131, 132)",0.11594202898550725,saltbridge,1.0,sc-sc,1.0
"(131, 134)",0.2463768115942029,hbond,1.0,mc-mc,1.0
"(135, 138)",0.08695652173913043,hbond,1.0,mc-mc,0.6666666666666666
"(146, 147)",0.13043478260869565,pipi,0.7777777777777778,sc-sc,1.0
"(147, 150)",0.13043478260869565,hydrophobic,0.8888888888888888,sc-sc,0.8888888888888888
"(160, 163)",0.21739130434782608,hbond,0.6666666666666666,mc-sc,0.6666666666666666
"(181, 184)",0.043478260869565216,hbond,0.6666666666666666,mc-sc,0.6666666666666666
"(204, 248)",0.028985507246376812,saltbridge,1.0,sc-sc,1.0
"(226, 248)",0.14492753623188406,hbond,0.6,mc-mc,0.8
"(234, 239)",0.2898550724637681,hbond,0.75,mc-mc,0.8
"(249, 252)",0.13043478260869565,hbond,1.0,mc-mc,1.0
"(251, 252)",0.028985507246376812,saltbridge,0.5,sc-sc,0.5
"(251, 292)",0.014492753623188406,saltbridge,1.0,sc-sc,1.0
"(262, 265)",0.13043478260869565,hydrophobic,0.8888888888888888,sc-sc,0.8888888888888888
"(282, 286)",0.7391304347826086,hbond,0.5490196078431373,mc-mc,0.5882352941176471
"(284, 287)",0.11594202898550725,hbond,1.0,mc-mc,0.625
"(285, 288)",0.08695652173913043,hbond,0.8333333333333334,mc-mc,0.5
"(68, 111)",0.028985507246376812,hydrophobic,0.5,sc-sc,1.0
"(70, 73)",0.07246376811594203,hbond,0.6,sc-sc,0.6
"(80, 129)",0.07246376811594203,hydrophobic,0.6,sc-sc,1.0
"(95, 97)",0.14492753623188406,hydrophobic,1.0,sc-sc,1.0
"(105, 107)",0.08695652173913043,hbond,1.0,sc-mc,1.0
"(190, 255)",0.2753623188405797,hydrophobic,0.5263157894736842,sc-sc,1.0
"(196, 199)",0.2318840579710145,hbond,1.0,sc-mc,0.8125
"(197, 200)",0.15942028985507245,saltbridge,0.7272727272727273,sc-sc,0.8181818181818182
"(225, 227)",0.028985507246376812,hydrophobic,1.0,sc-sc,1.0
"(250, 252)",0.07246376811594203,hbond,1.0,sc-mc,0.6
"(14, 286)",0.028985507246376812,hydrophobic,0.5,sc-sc,1.0
"(33, 286)",0.4057971014492754,hydrophobic,0.7142857142857143,sc-sc,0.8571428571428571
"(66, 67)",0.028985507246376812,saltbridge,1.0,sc-sc,1.0
"(67, 70)",0.15942028985507245,hbond,1.0,mc-mc,0.5454545454545454
"(108, 125)",0.043478260869565216,hydrophobic,0.6666666666666666,sc-sc,1.0
"(185, 256)",0.34782608695652173,hydrophobic,0.7083333333333334,sc-sc,0.875
"(208, 292)",0.014492753623188406,hbond,1.0,mc-sc,1.0
"(225, 288)",0.15942028985507245,hydrophobic,0.6363636363636364,sc-sc,0.7272727272727273
"(250, 254)",0.014492753623188406,hbond,1.0,sc-sc,1.0
"(254, 286)",0.2753623188405797,hydrophobic,0.5789473684210527,sc-sc,0.7894736842105263
"(284, 286)",0.014492753623188406,hydrophobic,1.0,sc-sc,1.0
"(285, 286)",0.057971014492753624,hydrophobic,1.0,sc-sc,1.0
"(291, 292)",0.028985507246376812,hbond,1.0,sc-mc,1.0
"(22, 67)",0.014492753623188406,saltbridge,1.0,sc-sc,1.0
"(24, 26)",0.014492753623188406,hydrophobic,1.0,sc-sc,1.0
"(26, 56)",0.014492753623188406,hydrophobic,1.0,sc-sc,1.0
"(37, 39)",0.057971014492753624,hbond,1.0,sc-mc,0.75
"(61, 198)",0.043478260869565216,hydrophobic,1.0,sc-sc,1.0
"(100, 101)",0.043478260869565216,saltbridge,1.0,sc-sc,1.0
"(112, 115)",0.057971014492753624,hbond,0.5,mc-sc,0.5
"(204, 252)",0.028985507246376812,hydrophobic,0.5,sc-sc,1.0
"(216, 217)",0.08695652173913043,hydrophobic,1.0,sc-sc,1.0
"(3, 5)",0.014492753623188406,hbond,1.0,sc-mc,1.0
"(3, 7)",0.07246376811594203,hbond,1.0,mc-mc,0.8
"(4, 10)",0.043478260869565216,hbond,1.0,mc-mc,1.0
"(6, 18)",0.043478260869565216,hydrophobic,1.0,sc-sc,1.0
"(7, 19)",0.043478260869565216,hbond,1.0,mc-mc,1.0
"(10, 20)",0.057971014492753624,hbond,1.0,mc-mc,1.0
"(11, 21)",0.057971014492753624,hbond,0.75,mc-mc,0.75
"(18, 21)",0.057971014492753624,hydrophobic,0.5,sc-sc,0.75
"(22, 25)",0.17391304347826086,hbond,1.0,mc-mc,0.5
"(32, 174)",0.043478260869565216,hydrophobic,1.0,sc-sc,1.0
"(34, 178)",0.043478260869565216,hydrophobic,0.6666666666666666,sc-sc,0.6666666666666666
"(38, 288)",0.014492753623188406,saltbridge,1.0,sc-sc,1.0
"(41, 178)",0.014492753623188406,hydrophobic,1.0,sc-sc,1.0
"(43, 174)",0.014492753623188406,hydrophobic,1.0,sc-sc,1.0
"(46, 47)",0.028985507246376812,hydrophobic,1.0,sc-sc,1.0
"(48, 261)",0.014492753623188406,saltbridge,1.0,sc-sc,1.0
"(49, 261)",0.057971014492753624,hbond,0.5,mc-sc,0.75
"(50, 172)",0.043478260869565216,hbond,1.0,mc-mc,1.0
"(52, 153)",0.043478260869565216,hydrophobic,0.6666666666666666,sc-sc,1.0
"(52, 170)",0.043478260869565216,hbond,1.0,mc-mc,1.0
"(57, 157)",0.043478260869565216,saltbridge,1.0,sc-sc,1.0
"(58, 180)",0.043478260869565216,hydrophobic,0.6666666666666666,sc-sc,1.0
"(58, 202)",0.043478260869565216,hydrophobic,1.0,sc-sc,1.0
"(62, 180)",0.043478260869565216,hydrophobic,0.6666666666666666,sc-sc,1.0
"(62, 189)",0.043478260869565216,hydrophobic,0.6666666666666666,sc-sc,1.0
"(65, 114)",0.15942028985507245,hydrophobic,0.5454545454545454,sc-sc,1.0
"(65, 190)",0.043478260869565216,hydrophobic,1.0,sc-sc,1.0
"(65, 198)",0.057971014492753624,hydrophobic,0.75,sc-sc,0.75
"(69, 191)",0.043478260869565216,hbond,0.6666666666666666,sc-mc,0.6666666666666666
"(72, 77)",0.043478260869565216,hbond,0.6666666666666666,mc-mc,0.6666666666666666
"(75, 114)",0.07246376811594203,hydrophobic,0.6,sc-sc,1.0
"(75, 197)",0.028985507246376812,hydrophobic,1.0,sc-sc,1.0
"(77, 132)",0.057971014492753624,saltbridge,0.75,sc-sc,1.0
"(82, 84)",0.057971014492753624,hbond,1.0,sc-mc,1.0
"(82, 104)",0.2753623188405797,hbond,0.7894736842105263,mc-mc,0.8947368421052632
"(82, 105)",0.2463768115942029,hbond,0.8235294117647058,mc-mc,0.8235294117647058
"(83, 98)",0.014492753623188406,hbond,1.0,sc-mc,1.0
"(83, 101)",0.014492753623188406,hbond,1.0,sc-mc,1.0
"(89, 91)",0.014492753623188406,hbond,1.0,mc-sc,1.0
"(89, 124)",0.057971014492753624,hydrophobic,0.5,sc-sc,0.5
"(94, 96)",0.13043478260869565,hbond,0.6666666666666666,sc-sc,0.3333333333333333
"(95, 98)",0.07246376811594203,hbond,0.8,sc-mc,0.6
"(95, 99)",0.07246376811594203,hbond,0.8,mc-mc,1.0
"(97, 108)",0.07246376811594203,hydrophobic,0.6,sc-sc,0.8
"(101, 112)",0.043478260869565216,hbond,0.6666666666666666,sc-sc,1.0
"(106, 108)",0.057971014492753624,hydrophobic,1.0,sc-sc,1.0
"(108, 109)",0.014492753623188406,hydrophobic,1.0,sc-sc,1.0
"(114, 201)",0.043478260869565216,hydrophobic,0.6666666666666666,sc-sc,0.6666666666666666
"(118, 201)",0.057971014492753624,hydrophobic,0.75,sc-sc,1.0
"(119, 201)",0.057971014492753624,hbond,0.75,sc-mc,0.75
"(121, 225)",0.057971014492753624,hbond,0.75,sc-sc,0.75
"(127, 157)",0.057971014492753624,hbond,1.0,sc-mc,1.0
"(127, 158)",0.057971014492753624,hbond,0.75,sc-mc,0.5
"(136, 140)",0.07246376811594203,hbond,0.8,mc-mc,1.0
"(136, 153)",0.057971014492753624,hydrophobic,0.5,sc-sc,0.5
"(137, 141)",0.057971014492753624,hbond,1.0,mc-mc,1.0
"(138, 142)",0.07246376811594203,hbond,1.0,mc-mc,1.0
"(139, 143)",0.08695652173913043,hbond,1.0,mc-mc,1.0
"(139, 153)",0.057971014492753624,hydrophobic,0.75,sc-sc,1.0
"(140, 144)",0.08695652173913043,hbond,1.0,mc-mc,0.8333333333333334
"(141, 145)",0.08695652173913043,hbond,1.0,mc-mc,1.0
"(142, 145)",0.028985507246376812,hbond,1.0,mc-sc,1.0
"(142, 146)",0.08695652173913043,hbond,0.8333333333333334,mc-mc,0.8333333333333334
"(143, 148)",0.057971014492753624,hydrophobic,0.75,sc-sc,0.75
"(143, 153)",0.043478260869565216,hydrophobic,0.6666666666666666,sc-sc,1.0
"(144, 147)",0.057971014492753624,hbond,1.0,mc-mc,1.0
"(144, 149)",0.057971014492753624,hbond,0.75,sc-sc,0.5
"(146, 180)",0.028985507246376812,hydrophobic,0.5,sc-sc,1.0
"(150, 173)",0.057971014492753624,hbond,0.75,mc-mc,0.5
"(152, 171)",0.057971014492753624,hydrophobic,0.5,sc-sc,0.5
"(154, 155)",0.014492753623188406,hydrophobic,1.0,sc-sc,1.0
"(155, 166)",0.043478260869565216,hydrophobic,1.0,sc-sc,1.0
"(155, 170)",0.057971014492753624,hbond,1.0,mc-sc,1.0
"(156, 159)",0.057971014492753624,hbond,1.0,sc-mc,1.0
"(156, 160)",0.057971014492753624,hbond,1.0,mc-mc,1.0
"(157, 161)",0.057971014492753624,hbond,1.0,mc-mc,1.0
"(158, 162)",0.057971014492753624,hbond,0.75,mc-mc,0.75
"(163, 165)",0.043478260869565216,hbond,1.0,sc-mc,1.0
"(164, 167)",0.043478260869565216,hbond,1.0,mc-sc,1.0
"(164, 232)",0.043478260869565216,saltbridge,0.6666666666666666,sc-sc,0.6666666666666666
"(165, 168)",0.043478260869565216,hbond,1.0,mc-mc,1.0
"(166, 169)",0.043478260869565216,hbond,1.0,mc-mc,1.0
"(167, 170)",0.028985507246376812,hbond,1.0,mc-mc,1.0
"(168, 262)",0.057971014492753624,hbond,0.75,sc-sc,0.75
"(173, 176)",0.043478260869565216,hbond,1.0,sc-mc,1.0
"(173, 177)",0.057971014492753624,hbond,0.5,mc-mc,0.5
"(174, 178)",0.057971014492753624,hbond,1.0,mc-mc,1.0
"(174, 259)",0.057971014492753624,hydrophobic,0.75,sc-sc,0.75
"(175, 179)",0.057971014492753624,hbond,1.0,mc-mc,1.0
"(177, 257)",0.057971014492753624,hydrophobic,0.5,sc-sc,1.0
"(181, 255)",0.057971014492753624,hydrophobic,0.75,sc-sc,0.75
"(182, 185)",0.014492753623188406,saltbridge,1.0,sc-sc,1.0
"(183, 188)",0.043478260869565216,hbond,0.6666666666666666,mc-mc,0.6666666666666666
"(184, 187)",0.043478260869565216,hbond,1.0,mc-mc,1.0
"(184, 195)",0.043478260869565216,hbond,0.3333333333333333,mc-sc,0.3333333333333333
"(184, 198)",0.057971014492753624,hydrophobic,0.75,sc-sc,1.0
"(184, 199)",0.043478260869565216,hydrophobic,0.6666666666666666,sc-sc,0.6666666666666666
"(190, 198)",0.014492753623188406,hydrophobic,1.0,sc-sc,1.0
"(191, 194)",0.07246376811594203,hbond,0.8,sc-mc,0.6
"(191, 195)",0.07246376811594203,hbond,0.8,mc-mc,1.0
"(192, 196)",0.057971014492753624,hbond,1.0,mc-mc,1.0
"(193, 197)",0.057971014492753624,hbond,1.0,mc-mc,1.0
"(194, 198)",0.07246376811594203,hbond,0.8,mc-mc,0.8
"(198, 201)",0.043478260869565216,hydrophobic,0.6666666666666666,sc-sc,0.6666666666666666
"(199, 223)",0.043478260869565216,hydrophobic,0.6666666666666666,sc-sc,0.6666666666666666
"(199, 247)",0.028985507246376812,hydrophobic,1.0,sc-sc,1.0
"(202, 205)",0.10144927536231885,hbond,1.0,mc-sc,0.8571428571428571
"(202, 223)",0.057971014492753624,hydrophobic,0.75,sc-sc,0.75
"(202, 224)",0.057971014492753624,hbond,1.0,mc-mc,1.0
"(208, 211)",0.07246376811594203,hbond,1.0,mc-mc,1.0
"(211, 214)",0.15942028985507245,hbond,1.0,mc-mc,1.0
"(211, 271)",0.057971014492753624,saltbridge,0.75,sc-sc,0.75
"(212, 242)",0.057971014492753624,hbond,1.0,mc-sc,1.0
"(212, 256)",0.057971014492753624,hydrophobic,0.75,sc-sc,0.75
"(212, 274)",0.08695652173913043,hydrophobic,0.6666666666666666,sc-sc,0.6666666666666666
"(216, 222)",0.043478260869565216,hydrophobic,0.6666666666666666,sc-sc,1.0
"(216, 246)",0.057971014492753624,hydrophobic,0.75,sc-sc,1.0
"(221, 247)",0.057971014492753624,hydrophobic,0.75,sc-sc,0.75
"(222, 246)",0.057971014492753624,hydrophobic,1.0,sc-sc,1.0
"(223, 245)",0.057971014492753624,hbond,1.0,mc-mc,1.0
"(225, 226)",0.043478260869565216,hbond,1.0,sc-mc,1.0
"(225, 243)",0.057971014492753624,hbond,1.0,mc-mc,1.0
"(227, 241)",0.057971014492753624,hbond,1.0,mc-mc,1.0
"(229, 230)",0.043478260869565216,hbond,1.0,sc-mc,1.0
"(229, 239)",0.057971014492753624,hbond,0.75,mc-mc,0.5
"(232, 236)",0.057971014492753624,hbond,1.0,mc-mc,0.75
"(248, 249)",0.30434782608695654,hydrophobic,1.0,sc-sc,1.0
"(254, 256)",0.043478260869565216,hydrophobic,1.0,sc-sc,1.0
"(257, 259)",0.2608695652173913,hydrophobic,1.0,sc-sc,1.0
"(285, 289)",0.028985507246376812,hbond,0.5,mc-mc,1.0
"(286, 290)",0.014492753623188406,hbond,1.0,mc-sc,1.0
"(287, 291)",0.028985507246376812,hbond,1.0,mc-mc,1.0
"(288, 292)",0.014492753623188406,hbond,1.0,mc-mc,1.0
"(7, 41)",0.043478260869565216,hbond,0.6666666666666666,wc-wc,0.3333333333333333
"(8, 13)",0.043478260869565216,hydrophobic,0.6666666666666666,sc-sc,0.6666666666666666
"(8, 42)",0.07246376811594203,hydrophobic,0.6,sc-sc,0.6
"(8, 286)",0.014492753623188406,hydrophobic,1.0,sc-sc,1.0
"(14, 15)",0.014492753623188406,hydrophobic,1.0,sc-sc,1.0
"(15, 16)",0.014492753623188406,hydrophobic,1.0,sc-sc,1.0
"(15, 18)",0.014492753623188406,hydrophobic,1.0,sc-sc,1.0
"(18, 281)",0.5217391304347826,hydrophobic,0.8055555555555556,sc-sc,0.9722222222222222
"(21, 274)",0.5217391304347826,hydrophobic,0.7222222222222222,sc-sc,0.75
"(24, 277)",0.08695652173913043,saltbridge,0.8333333333333334,sc-sc,1.0
"(25, 27)",0.2028985507246377,hbond,0.8571428571428571,sc-mc,0.8571428571428571
"(27, 274)",0.14492753623188406,hydrophobic,0.8,sc-sc,1.0
"(28, 49)",0.5652173913043478,hbond,0.6923076923076923,sc-mc,1.0
"(28, 262)",0.42028985507246375,hbond,0.8275862068965517,mc-mc,0.8275862068965517
"(29, 274)",0.391304347826087,hydrophobic,0.5555555555555556,sc-sc,0.9629629629629629
"(30, 260)",0.34782608695652173,hbond,1.0,mc-mc,1.0
"(31, 282)",0.463768115942029,hydrophobic,0.5,sc-sc,1.0
"(32, 258)",0.34782608695652173,hbond,1.0,mc-mc,1.0
"(33, 257)",0.34782608695652173,hydrophobic,0.75,sc-sc,0.75
"(34, 256)",0.36231884057971014,hbond,0.68,mc-mc,0.68
"(36, 254)",0.5072463768115942,hbond,0.6285714285714286,sc-mc,0.42857142857142855
"(43, 46)",0.2318840579710145,hydrophobic,1.0,sc-sc,1.0
"(64, 65)",0.057971014492753624,hydrophobic,1.0,sc-sc,1.0
"(69, 73)",0.17391304347826086,hbond,0.9166666666666666,sc-mc,0.3333333333333333
"(73, 78)",0.15942028985507245,hbond,1.0,mc-mc,1.0
"(105, 106)",0.11594202898550725,hbond,1.0,sc-mc,1.0
"(133, 146)",0.043478260869565216,hydrophobic,0.6666666666666666,sc-sc,1.0
"(147, 157)",0.11594202898550725,hydrophobic,0.75,sc-sc,0.875
"(182, 256)",0.4057971014492754,hydrophobic,0.5,sc-sc,0.5
"(185, 245)",0.6666666666666666,hydrophobic,0.6956521739130435,sc-sc,0.8478260869565217
"(195, 196)",0.15942028985507245,hydrophobic,1.0,sc-sc,1.0
"(196, 197)",0.057971014492753624,hydrophobic,1.0,sc-sc,1.0
"(203, 206)",0.11594202898550725,hydrophobic,0.75,sc-sc,1.0
"(219, 276)",0.6086956521739131,hydrophobic,0.7380952380952381,sc-sc,0.8571428571428571
"(240, 261)",0.37681159420289856,hbond,0.9230769230769231,mc-mc,0.6538461538461539
"(241, 261)",0.2608695652173913,hbond,0.8888888888888888,sc-mc,1.0
"(244, 257)",0.37681159420289856,hbond,0.9615384615384616,mc-mc,1.0
"(246, 255)",0.36231884057971014,hbond,0.76,mc-mc,0.76
"(247, 254)",0.36231884057971014,hydrophobic,0.92,sc-sc,0.92
"(252, 287)",0.14492753623188406,saltbridge,0.6,sc-mc,0.8
"(253, 254)",0.2898550724637681,hydrophobic,0.9,sc-sc,1.0
"(255, 286)",0.30434782608695654,hydrophobic,0.8571428571428571,sc-sc,1.0
"(257, 282)",0.2753623188405797,hydrophobic,0.5263157894736842,sc-sc,1.0
"(259, 275)",0.463768115942029,hydrophobic,0.53125,sc-sc,0.625
"(259, 278)",0.3188405797101449,hydrophobic,0.5454545454545454,sc-sc,0.9090909090909091
"(265, 268)",0.5652173913043478,hbond,1.0,mc-mc,0.8974358974358975
"(271, 274)",0.4927536231884058,hbond,1.0,mc-mc,0.7647058823529411
"(6, 12)",0.028985507246376812,hbond,0.5,mc-mc,0.5
"(7, 13)",0.08695652173913043,hbond,1.0,mc-sc,0.5
"(8, 14)",0.014492753623188406,hbond,1.0,mc-mc,1.0
"(12, 281)",0.2463768115942029,hydrophobic,0.5294117647058824,sc-sc,0.5294117647058824
"(32, 34)",0.057971014492753624,hydrophobic,1.0,sc-sc,1.0
"(33, 282)",0.5072463768115942,hydrophobic,0.7428571428571429,sc-sc,0.9428571428571428
"(55, 260)",0.18840579710144928,hbond,0.5384615384615384,sc-sc,1.0
"(59, 243)",0.14492753623188406,pipi,0.6,sc-sc,0.9
"(60, 134)",0.057971014492753624,hydrophobic,1.0,sc-sc,1.0
"(63, 134)",0.043478260869565216,hydrophobic,1.0,sc-sc,1.0
"(64, 134)",0.057971014492753624,hydrophobic,0.75,sc-sc,1.0
"(68, 71)",0.07246376811594203,hbond,1.0,mc-mc,1.0
"(70, 71)",0.014492753623188406,hbond,1.0,mc-sc,1.0
"(74, 133)",0.028985507246376812,hydrophobic,0.5,sc-sc,1.0
"(81, 83)",0.11594202898550725,saltbridge,0.875,sc-sc,0.875
"(81, 132)",0.028985507246376812,hbond,1.0,mc-sc,1.0
"(90, 93)",0.043478260869565216,saltbridge,1.0,sc-sc,1.0
"(90, 131)",0.07246376811594203,saltbridge,1.0,sc-sc,1.0
"(129, 134)",0.07246376811594203,hydrophobic,0.8,sc-sc,0.8
"(133, 134)",0.028985507246376812,hydrophobic,1.0,sc-sc,1.0
"(138, 144)",0.057971014492753624,hbond,1.0,mc-sc,1.0
"(143, 146)",0.10144927536231885,hydrophobic,0.42857142857142855,sc-sc,0.7142857142857143
"(143, 155)",0.4057971014492754,hydrophobic,0.8214285714285714,sc-sc,0.9642857142857143
"(155, 157)",0.37681159420289856,hydrophobic,1.0,sc-sc,1.0
"(217, 259)",0.2318840579710145,hydrophobic,0.5625,sc-sc,1.0
"(246, 249)",0.08695652173913043,hydrophobic,1.0,sc-sc,1.0
"(45, 264)",0.014492753623188406,saltbridge,1.0,sc-sc,1.0
"(96, 99)",0.028985507246376812,hydrophobic,1.0,sc-sc,1.0
"(136, 137)",0.014492753623188406,hydrophobic,1.0,sc-sc,1.0
"(189, 190)",0.2028985507246377,hydrophobic,1.0,sc-sc,1.0
"(273, 276)",0.07246376811594203,hbond,0.8,mc-sc,0.4
"(280, 283)",0.057971014492753624,hbond,0.75,mc-sc,0.5
"(281, 284)",0.11594202898550725,hbond,0.875,mc-mc,0.75
"(5, 18)",0.028985507246376812,hbond,1.0,sc-mc,0.5
"(5, 20)",0.028985507246376812,hbond,1.0,mc-mc,1.0
"(17, 20)",0.08695652173913043,saltbridge,0.6666666666666666,sc-sc,0.6666666666666666
"(70, 76)",0.13043478260869565,hbond,0.7777777777777778,mc-mc,0.7777777777777778
"(71, 77)",0.11594202898550725,hbond,1.0,mc-mc,0.875
"(114, 117)",0.13043478260869565,hbond,1.0,mc-sc,1.0
"(115, 209)",0.13043478260869565,saltbridge,0.7777777777777778,sc-sc,0.8888888888888888
"(192, 194)",0.028985507246376812,saltbridge,0.5,sc-sc,0.5
"(247, 248)",0.057971014492753624,hydrophobic,1.0,sc-sc,1.0
"(265, 267)",0.10144927536231885,hbond,0.5714285714285714,sc-sc,0.5714285714285714
"(271, 273)",0.391304347826087,saltbridge,0.6296296296296297,sc-sc,0.6296296296296297
"(276, 279)",0.028985507246376812,hbond,1.0,mc-sc,1.0
"(283, 291)",0.057971014492753624,hbond,0.75,mc-mc,0.75
"(7, 12)",0.057971014492753624,hbond,0.75,sc-mc,0.5
"(66, 69)",0.36231884057971014,hbond,1.0,mc-mc,1.0
"(71, 75)",0.3333333333333333,hbond,1.0,mc-mc,1.0
"(110, 113)",0.11594202898550725,hydrophobic,1.0,sc-sc,1.0
"(136, 139)",0.18840579710144928,hbond,1.0,mc-mc,1.0
"(246, 248)",0.2028985507246377,hydrophobic,1.0,sc-sc,1.0
"(252, 253)",0.34782608695652173,hydrophobic,1.0,sc-sc,1.0
"(8, 12)",0.11594202898550725,hbond,0.625,mc-mc,0.625
"(9, 21)",0.028985507246376812,hbond,1.0,mc-mc,1.0
"(10, 22)",0.028985507246376812,hbond,1.0,mc-mc,1.0
"(10, 29)",0.028985507246376812,hydrophobic,1.0,sc-sc,1.0
"(10, 31)",0.028985507246376812,hydrophobic,1.0,sc-sc,1.0
"(10, 43)",0.07246376811594203,hbond,0.6,sc-mc,1.0
"(11, 23)",0.028985507246376812,hbond,1.0,mc-mc,1.0
"(12, 24)",0.043478260869565216,hbond,0.6666666666666666,mc-mc,0.6666666666666666
"(91, 237)",0.014492753623188406,hbond,1.0,sc-sc,1.0
"(128, 131)",0.043478260869565216,saltbridge,0.6666666666666666,sc-sc,0.6666666666666666
"(162, 172)",0.014492753623188406,hbond,1.0,mc-mc,1.0
"(163, 175)",0.014492753623188406,hbond,1.0,sc-mc,1.0
"(173, 174)",0.043478260869565216,saltbridge,0.6666666666666666,sc-sc,0.6666666666666666
"(173, 175)",0.028985507246376812,hbond,1.0,mc-sc,0.5
"(177, 179)",0.028985507246376812,hbond,1.0,sc-mc,1.0
"(187, 188)",0.014492753623188406,hydrophobic,1.0,sc-sc,1.0
"(274, 275)",0.11594202898550725,hydrophobic,1.0,sc-sc,1.0
"(283, 295)",0.11594202898550725,hbond,0.875,mc-mc,1.0
"(11, 14)",0.028985507246376812,hbond,1.0,sc-mc,1.0
"(21, 24)",0.11594202898550725,hbond,1.0,mc-sc,0.75
"(97, 98)",0.07246376811594203,hydrophobic,1.0,sc-sc,1.0
"(244, 246)",0.043478260869565216,hydrophobic,1.0,sc-sc,1.0
"(282, 285)",0.08695652173913043,hbond,0.8333333333333334,mc-mc,0.6666666666666666
"(71, 74)",0.07246376811594203,hbond,1.0,sc-mc,0.8
"(98, 99)",0.08695652173913043,hydrophobic,0.6666666666666666,sc-sc,1.0
"(269, 271)",0.07246376811594203,saltbridge,0.8,sc-sc,0.8
"(5, 14)",0.07246376811594203,hbond,0.6,mc-mc,0.6
"(6, 17)",0.043478260869565216,hbond,0.6666666666666666,mc-mc,0.6666666666666666
"(7, 18)",0.057971014492753624,hbond,1.0,mc-mc,1.0
"(35, 292)",0.028985507246376812,saltbridge,0.5,sc-sc,0.5
"(38, 39)",0.014492753623188406,hbond,1.0,sc-mc,1.0
"(158, 159)",0.014492753623188406,saltbridge,1.0,sc-sc,1.0
"(175, 176)",0.028985507246376812,hbond,1.0,mc-sc,1.0
"(215, 216)",0.043478260869565216,hydrophobic,1.0,sc-sc,1.0
"(286, 291)",0.014492753623188406,hbond,1.0,mc-sc,1.0
"(286, 292)",0.014492753623188406,hbond,1.0,mc-mc,1.0
"(52, 143)",0.057971014492753624,pipi,1.0,sc-sc,1.0
"(69, 71)",0.028985507246376812,hbond,1.0,sc-mc,1.0
"(180, 183)",0.057971014492753624,hbond,0.75,mc-sc,0.75
"(198, 199)",0.043478260869565216,saltbridge,1.0,sc-sc,1.0
"(201, 204)",0.07246376811594203,hbond,0.6,mc-sc,0.6
"(255, 257)",0.11594202898550725,hydrophobic,1.0,sc-sc,1.0
"(266, 267)",0.014492753623188406,saltbridge,1.0,sc-sc,1.0
"(199, 202)",0.014492753623188406,hbond,1.0,mc-sc,1.0
"(283, 288)",0.14492753623188406,hbond,0.5,mc-mc,0.7
"(286, 287)",0.028985507246376812,hbond,0.5,mc-mc,0.5
"(288, 291)",0.014492753623188406,hbond,1.0,sc-mc,1.0
"(5, 7)",0.014492753623188406,hbond,1.0,sc-mc,1.0
"(7, 17)",0.043478260869565216,hbond,1.0,mc-mc,0.6666666666666666
"(8, 18)",0.057971014492753624,hbond,0.5,mc-mc,0.5
"(10, 14)",0.11594202898550725,hbond,1.0,mc-mc,1.0
"(262, 274)",0.014492753623188406,hydrophobic,1.0,sc-sc,1.0
"(267, 270)",0.057971014492753624,hbond,1.0,sc-mc,0.5
"(271, 272)",0.014492753623188406,saltbridge,1.0,sc-sc,1.0
"(5, 6)",0.014492753623188406,hydrophobic,1.0,sc-sc,1.0
"(6, 19)",0.014492753623188406,hbond,1.0,mc-mc,1.0
"(7, 20)",0.014492753623188406,hbond,1.0,mc-mc,1.0
"(17, 284)",0.028985507246376812,saltbridge,1.0,sc-sc,1.0
"(51, 169)",0.014492753623188406,hydrophobic,1.0,sc-sc,1.0
"(94, 95)",0.057971014492753624,hbond,0.5,sc-mc,0.5
"(162, 236)",0.014492753623188406,hydrophobic,1.0,sc-sc,1.0
"(170, 173)",0.028985507246376812,hbond,1.0,mc-mc,1.0
"(10, 41)",0.043478260869565216,hbond,1.0,mc-mc,1.0
"(44, 45)",0.07246376811594203,hbond,1.0,sc-sc,1.0
"(48, 262)",0.028985507246376812,saltbridge,1.0,sc-sc,1.0
"(237, 239)",0.043478260869565216,hbond,1.0,mc-sc,1.0
"(263, 264)",0.043478260869565216,hydrophobic,1.0,sc-sc,1.0
"(286, 288)",0.07246376811594203,hydrophobic,1.0,sc-sc,1.0
"(41, 43)",0.043478260869565216,saltbridge,0.6666666666666666,sc-sc,1.0
"(68, 69)",0.028985507246376812,hydrophobic,1.0,sc-sc,1.0
"(70, 75)",0.028985507246376812,hbond,1.0,mc-mc,1.0
"(82, 85)",0.10144927536231885,hbond,1.0,mc-mc,0.7142857142857143
"(83, 86)",0.028985507246376812,hbond,1.0,mc-mc,1.0
"(86, 103)",0.043478260869565216,hydrophobic,1.0,sc-sc,1.0
"(99, 116)",0.043478260869565216,hydrophobic,1.0,sc-sc,1.0
"(103, 105)",0.028985507246376812,hbond,1.0,mc-sc,0.5
"(114, 202)",0.028985507246376812,hydrophobic,1.0,sc-sc,1.0
"(168, 170)",0.028985507246376812,hbond,1.0,sc-mc,1.0
"(219, 273)",0.043478260869565216,saltbridge,0.6666666666666666,sc-sc,0.6666666666666666
"(251, 253)",0.028985507246376812,hbond,1.0,sc-mc,1.0
"(258, 260)",0.043478260869565216,hydrophobic,1.0,sc-sc,1.0
"(282, 283)",0.028985507246376812,hydrophobic,1.0,sc-sc,1.0
"(19, 22)",0.028985507246376812,saltbridge,0.5,sc-sc,0.5
"(44, 46)",0.014492753623188406,hbond,1.0,mc-sc,1.0
"(48, 50)",0.028985507246376812,pipi,0.5,sc-sc,1.0
"(79, 80)",0.028985507246376812,hydrophobic,0.5,sc-sc,0.5
"(83, 87)",0.028985507246376812,hbond,1.0,mc-mc,1.0
"(85, 131)",0.057971014492753624,saltbridge,0.75,sc-sc,1.0
"(86, 93)",0.014492753623188406,hbond,1.0,mc-mc,1.0
"(120, 121)",0.07246376811594203,hbond,1.0,mc-sc,1.0
"(123, 126)",0.028985507246376812,hbond,1.0,mc-sc,1.0
"(166, 174)",0.014492753623188406,hbond,1.0,mc-sc,1.0
"(168, 175)",0.014492753623188406,hbond,1.0,mc-sc,1.0
"(196, 198)",0.028985507246376812,saltbridge,0.5,sc-sc,0.5
"(268, 269)",0.014492753623188406,hydrophobic,1.0,sc-sc,1.0
"(284, 292)",0.014492753623188406,hbond,1.0,mc-mc,1.0
"(285, 293)",0.014492753623188406,hbond,1.0,mc-mc,1.0
"(286, 294)",0.014492753623188406,hbond,1.0,mc-mc,1.0
"(291, 295)",0.014492753623188406,hbond,1.0,mc-mc,1.0
"(293, 295)",0.014492753623188406,hbond,1.0,mc-sc,1.0
"(52, 53)",0.028985507246376812,hbond,1.0,mc-sc,1.0
"(15, 284)",0.07246376811594203,saltbridge,0.8,sc-sc,1.0
"(72, 75)",0.014492753623188406,hbond,1.0,mc-mc,1.0
"(200, 201)",0.028985507246376812,saltbridge,1.0,sc-sc,1.0
"(209, 211)",0.13043478260869565,hbond,1.0,mc-sc,1.0
"(235, 238)",0.028985507246376812,hbond,1.0,mc-mc,1.0
"(262, 263)",0.028985507246376812,hbond,0.5,sc-mc,0.5
"(6, 11)",0.028985507246376812,hydrophobic,1.0,sc-sc,1.0
"(7, 10)",0.028985507246376812,hbond,1.0,sc-mc,0.5
"(222, 288)",0.014492753623188406,hydrophobic,1.0,sc-sc,1.0
"(269, 270)",0.057971014492753624,hydrophobic,0.5,sc-sc,0.5
"(9, 13)",0.08695652173913043,hbond,1.0,mc-mc,1.0
"(73, 76)",0.014492753623188406,hbond,1.0,mc-mc,1.0
"(256, 286)",0.014492753623188406,pipi,1.0,sc-sc,1.0
"(274, 277)",0.043478260869565216,hbond,0.6666666666666666,mc-sc,0.6666666666666666
"(5, 21)",0.028985507246376812,hydrophobic,0.5,sc-sc,0.5
"(9, 11)",0.014492753623188406,hbond,1.0,sc-mc,1.0
"(10, 281)",0.014492753623188406,hydrophobic,1.0,sc-sc,1.0
"(251, 295)",0.043478260869565216,saltbridge,1.0,sc-mc,1.0
"(12, 15)",0.028985507246376812,hbond,1.0,mc-mc,1.0
"(13, 16)",0.028985507246376812,hbond,0.5,mc-mc,0.5
"(24, 276)",0.014492753623188406,saltbridge,1.0,sc-sc,1.0
"(40, 295)",0.028985507246376812,saltbridge,0.5,sc-mc,0.5
"(82, 98)",0.014492753623188406,hbond,1.0,sc-mc,1.0
"(83, 90)",0.10144927536231885,hbond,0.8571428571428571,sc-mc,0.5714285714285714
"(84, 89)",0.014492753623188406,saltbridge,1.0,sc-sc,1.0
"(92, 95)",0.014492753623188406,hbond,1.0,mc-sc,1.0
"(127, 130)",0.028985507246376812,hydrophobic,0.5,sc-sc,0.5
"(235, 237)",0.043478260869565216,hbond,1.0,sc-mc,0.6666666666666666
"(237, 238)",0.014492753623188406,hbond,1.0,sc-mc,1.0
"(80, 82)",0.028985507246376812,hydrophobic,0.5,sc-sc,1.0
"(11, 13)",0.014492753623188406,hydrophobic,1.0,sc-sc,1.0
"(11, 282)",0.014492753623188406,hydrophobic,1.0,sc-sc,1.0
"(12, 14)",0.014492753623188406,hbond,1.0,sc-mc,1.0
"(16, 42)",0.014492753623188406,hydrophobic,1.0,sc-sc,1.0
"(16, 278)",0.014492753623188406,hydrophobic,1.0,sc-sc,1.0
"(19, 275)",0.014492753623188406,hydrophobic,1.0,sc-sc,1.0
"(23, 30)",0.014492753623188406,hydrophobic,1.0,sc-sc,1.0
"(23, 271)",0.014492753623188406,hydrophobic,1.0,sc-sc,1.0
"(24, 27)",0.014492753623188406,hbond,1.0,mc-mc,1.0
"(32, 44)",0.014492753623188406,hbond,1.0,mc-mc,1.0
"(33, 179)",0.014492753623188406,hbond,1.0,sc-sc,1.0
"(34, 42)",0.014492753623188406,hbond,1.0,mc-mc,1.0
"(36, 37)",0.014492753623188406,hydrophobic,1.0,sc-sc,1.0
"(36, 39)",0.043478260869565216,hbond,1.0,mc-mc,0.3333333333333333
"(36, 40)",0.014492753623188406,hbond,1.0,mc-mc,1.0
"(48, 260)",0.014492753623188406,saltbridge,1.0,sc-sc,1.0
"(50, 258)",0.014492753623188406,pipi,1.0,sc-sc,1.0
"(56, 162)",0.014492753623188406,hydrophobic,1.0,sc-sc,1.0
"(60, 157)",0.028985507246376812,hydrophobic,0.5,sc-sc,1.0
"(61, 202)",0.014492753623188406,hydrophobic,1.0,sc-sc,1.0
"(66, 193)",0.014492753623188406,hbond,1.0,sc-mc,1.0
"(92, 104)",0.014492753623188406,saltbridge,1.0,sc-sc,1.0
"(96, 121)",0.014492753623188406,hbond,1.0,sc-mc,1.0
"(99, 106)",0.014492753623188406,hydrophobic,1.0,sc-sc,1.0
"(103, 106)",0.014492753623188406,hbond,1.0,mc-mc,1.0
"(127, 162)",0.028985507246376812,hbond,0.5,sc-mc,0.5
"(131, 161)",0.014492753623188406,saltbridge,1.0,sc-sc,1.0
"(133, 137)",0.014492753623188406,hydrophobic,1.0,sc-sc,1.0
"(135, 144)",0.014492753623188406,hbond,1.0,mc-mc,1.0
"(135, 157)",0.014492753623188406,hydrophobic,1.0,sc-sc,1.0
"(136, 145)",0.014492753623188406,hbond,1.0,mc-mc,1.0
"(137, 146)",0.014492753623188406,hbond,1.0,mc-mc,1.0
"(150, 152)",0.014492753623188406,hydrophobic,1.0,sc-sc,1.0
"(176, 258)",0.014492753623188406,hydrophobic,1.0,sc-sc,1.0
"(185, 254)",0.014492753623188406,hydrophobic,1.0,sc-sc,1.0
"(187, 193)",0.028985507246376812,hydrophobic,0.5,sc-sc,1.0
"(188, 199)",0.014492753623188406,hydrophobic,1.0,sc-sc,1.0
"(188, 202)",0.014492753623188406,hydrophobic,1.0,sc-sc,1.0
"(188, 208)",0.014492753623188406,hydrophobic,1.0,sc-sc,1.0
"(189, 254)",0.028985507246376812,hydrophobic,1.0,sc-sc,1.0
"(190, 192)",0.014492753623188406,saltbridge,1.0,sc-sc,1.0
"(201, 207)",0.014492753623188406,hbond,1.0,mc-mc,1.0
"(202, 208)",0.014492753623188406,hbond,1.0,mc-mc,1.0
"(203, 209)",0.014492753623188406,hbond,1.0,mc-mc,1.0
"(203, 245)",0.028985507246376812,hydrophobic,0.5,sc-sc,1.0
"(208, 231)",0.014492753623188406,hbond,1.0,mc-mc,1.0
"(209, 228)",0.014492753623188406,saltbridge,1.0,sc-sc,1.0
"(211, 213)",0.014492753623188406,hbond,1.0,sc-mc,1.0
"(211, 231)",0.028985507246376812,hbond,0.5,sc-mc,0.5
"(213, 215)",0.014492753623188406,hbond,1.0,sc-mc,1.0
"(213, 269)",0.014492753623188406,hbond,1.0,sc-sc,1.0
"(216, 269)",0.028985507246376812,saltbridge,0.5,sc-sc,1.0
"(220, 274)",0.014492753623188406,hbond,1.0,sc-sc,1.0
"(221, 229)",0.014492753623188406,hydrophobic,1.0,sc-sc,1.0
"(222, 286)",0.028985507246376812,hydrophobic,0.5,sc-sc,1.0
"(230, 245)",0.014492753623188406,hbond,1.0,mc-mc,1.0
"(232, 243)",0.014492753623188406,hbond,1.0,mc-mc,1.0
"(240, 265)",0.014492753623188406,hydrophobic,1.0,sc-sc,1.0
"(246, 280)",0.014492753623188406,hydrophobic,1.0,sc-sc,1.0
"(253, 255)",0.014492753623188406,hydrophobic,1.0,sc-sc,1.0
"(253, 279)",0.014492753623188406,hydrophobic,1.0,sc-sc,1.0
"(253, 280)",0.014492753623188406,hydrophobic,1.0,sc-sc,1.0
"(257, 272)",0.014492753623188406,hydrophobic,1.0,sc-sc,1.0
"(264, 267)",0.057971014492753624,hbond,1.0,mc-mc,0.75
"(277, 295)",0.014492753623188406,saltbridge,1.0,sc-mc,1.0
"(280, 286)",0.014492753623188406,hydrophobic,1.0,sc-sc,1.0
"(281, 294)",0.014492753623188406,hbond,1.0,sc-mc,1.0
"(283, 285)",0.014492753623188406,hbond,1.0,sc-mc,1.0
"(287, 288)",0.014492753623188406,hydrophobic,1.0,sc-sc,1.0
"(61, 64)",0.014492753623188406,hydrophobic,1.0,sc-sc,1.0
"(236, 237)",0.028985507246376812,saltbridge,0.5,sc-sc,0.5
"(269, 272)",0.043478260869565216,saltbridge,1.0,sc-sc,1.0
"(281, 282)",0.057971014492753624,hydrophobic,1.0,sc-sc,1.0
"(6, 10)",0.057971014492753624,hbond,0.75,mc-mc,0.75
"(7, 9)",0.028985507246376812,hbond,1.0,sc-mc,0.5
"(7, 11)",0.08695652173913043,hbond,0.8333333333333334,mc-mc,0.6666666666666666
"(10, 13)",0.028985507246376812,saltbridge,0.5,sc-sc,0.5
"(25, 26)",0.014492753623188406,hbond,1.0,sc-mc,1.0
"(40, 42)",0.014492753623188406,hydrophobic,1.0,sc-sc,1.0
"(130, 131)",0.014492753623188406,hydrophobic,1.0,sc-sc,1.0
"(137, 138)",0.028985507246376812,hydrophobic,1.0,sc-sc,1.0
"(261, 264)",0.014492753623188406,hydrophobic,1.0,sc-sc,1.0
"(267, 269)",0.028985507246376812,hbond,1.0,sc-mc,0.5
"(282, 295)",0.014492753623188406,hbond,1.0,mc-mc,1.0
"(283, 284)",0.014492753623188406,saltbridge,1.0,sc-sc,1.0
"(69, 72)",0.057971014492753624,hbond,1.0,mc-mc,0.75
"(162, 235)",0.014492753623188406,hydrophobic,1.0,sc-sc,1.0
"(278, 281)",0.028985507246376812,hbond,0.5,mc-sc,0.5
"(15, 20)",0.028985507246376812,saltbridge,0.5,sc-sc,1.0
"(75, 76)",0.014492753623188406,hydrophobic,1.0,sc-sc,1.0
"(93, 95)",0.014492753623188406,hbond,1.0,sc-mc,1.0
"(119, 121)",0.014492753623188406,hbond,1.0,sc-sc,1.0
"(122, 124)",0.057971014492753624,hbond,1.0,sc-sc,0.5
"(214, 217)",0.014492753623188406,hbond,1.0,mc-mc,1.0
"(243, 244)",0.014492753623188406,hydrophobic,1.0,sc-sc,1.0
"(249, 251)",0.014492753623188406,saltbridge,1.0,sc-sc,1.0
"(259, 270)",0.014492753623188406,pipi,1.0,sc-sc,1.0
"(4, 7)",0.014492753623188406,hbond,1.0,mc-mc,1.0
"(5, 8)",0.014492753623188406,hbond,1.0,mc-mc,1.0
"(5, 9)",0.043478260869565216,hbond,0.6666666666666666,mc-mc,0.6666666666666666
"(6, 9)",0.014492753623188406,hbond,1.0,mc-sc,1.0
"(10, 285)",0.014492753623188406,hydrophobic,1.0,sc-sc,1.0
"(11, 43)",0.014492753623188406,hbond,1.0,sc-mc,1.0
"(57, 231)",0.014492753623188406,hbond,1.0,sc-sc,1.0
"(73, 199)",0.014492753623188406,saltbridge,1.0,sc-sc,1.0
"(165, 167)",0.014492753623188406,hbond,1.0,mc-sc,1.0
"(182, 183)",0.014492753623188406,hydrophobic,1.0,sc-sc,1.0
"(208, 229)",0.014492753623188406,hydrophobic,1.0,sc-sc,1.0
"(212, 232)",0.014492753623188406,hbond,1.0,sc-sc,1.0
"(218, 230)",0.014492753623188406,saltbridge,1.0,sc-sc,1.0
"(222, 226)",0.014492753623188406,hydrophobic,1.0,sc-sc,1.0
"(226, 283)",0.014492753623188406,pipi,1.0,sc-sc,1.0
"(1, 3)",0.014492753623188406,hbond,1.0,sc-sc,1.0
"(2, 4)",0.014492753623188406,hbond,1.0,mc-sc,1.0
"(2, 6)",0.043478260869565216,hbond,0.6666666666666666,mc-mc,0.6666666666666666
"(5, 10)",0.014492753623188406,hbond,1.0,mc-sc,1.0
"(38, 252)",0.014492753623188406,saltbridge,1.0,sc-sc,1.0
"(46, 175)",0.028985507246376812,hbond,1.0,sc-mc,1.0
"(58, 198)",0.028985507246376812,hydrophobic,1.0,sc-sc,1.0
"(62, 198)",0.028985507246376812,hydrophobic,1.0,sc-sc,1.0
"(74, 76)",0.014492753623188406,hbond,1.0,sc-mc,1.0
"(83, 89)",0.028985507246376812,hbond,1.0,mc-mc,1.0
"(90, 91)",0.014492753623188406,hydrophobic,1.0,sc-sc,1.0
"(115, 204)",0.014492753623188406,saltbridge,1.0,sc-sc,1.0
"(118, 198)",0.028985507246376812,hydrophobic,0.5,sc-sc,1.0
"(151, 153)",0.014492753623188406,hydrophobic,1.0,sc-sc,1.0
"(159, 162)",0.014492753623188406,hbond,1.0,mc-mc,1.0
"(172, 173)",0.028985507246376812,hbond,1.0,sc-mc,1.0
"(184, 185)",0.014492753623188406,pipi,1.0,sc-sc,1.0
"(186, 188)",0.014492753623188406,saltbridge,1.0,sc-sc,1.0
"(205, 207)",0.014492753623188406,hbond,1.0,sc-mc,1.0
"(232, 234)",0.014492753623188406,hbond,1.0,sc-mc,1.0
"(232, 235)",0.028985507246376812,hbond,1.0,mc-mc,0.5
"(282, 289)",0.014492753623188406,hydrophobic,1.0,sc-sc,1.0
"(283, 290)",0.014492753623188406,hbond,1.0,mc-mc,1.0
"(51, 235)",0.014492753623188406,hydrophobic,1.0,sc-sc,1.0
"(66, 199)",0.028985507246376812,hbond,0.5,mc-sc,1.0
"(264, 265)",0.014492753623188406,saltbridge,1.0,sc-sc,1.0
"(23, 276)",0.014492753623188406,saltbridge,1.0,sc-sc,1.0
"(233, 235)",0.014492753623188406,hbond,1.0,mc-sc,1.0
"(17, 285)",0.014492753623188406,saltbridge,1.0,sc-sc,1.0
"(33, 283)",0.028985507246376812,hydrophobic,0.5,sc-sc,1.0
"(57, 60)",0.014492753623188406,hbond,1.0,mc-sc,1.0
"(58, 61)",0.014492753623188406,hbond,1.0,mc-sc,1.0
"(64, 69)",0.014492753623188406,hbond,1.0,mc-mc,1.0
"(68, 133)",0.014492753623188406,hydrophobic,1.0,sc-sc,1.0
"(69, 74)",0.014492753623188406,hbond,1.0,sc-mc,1.0
"(72, 76)",0.014492753623188406,hbond,1.0,mc-mc,1.0
"(81, 96)",0.028985507246376812,hbond,0.5,sc-mc,0.5
"(84, 88)",0.014492753623188406,hbond,1.0,mc-mc,1.0
"(85, 89)",0.014492753623188406,hbond,1.0,mc-mc,1.0
"(86, 90)",0.014492753623188406,hbond,1.0,mc-mc,1.0
"(86, 92)",0.014492753623188406,hydrophobic,1.0,sc-sc,1.0
"(86, 102)",0.014492753623188406,hydrophobic,1.0,sc-sc,1.0
"(87, 90)",0.014492753623188406,hbond,1.0,mc-mc,1.0
"(89, 123)",0.028985507246376812,hbond,0.5,mc-sc,0.5
"(90, 123)",0.028985507246376812,hbond,0.5,mc-sc,0.5
"(91, 123)",0.028985507246376812,hbond,0.5,mc-mc,0.5
"(94, 98)",0.014492753623188406,hbond,1.0,mc-sc,1.0
"(100, 104)",0.014492753623188406,hbond,1.0,mc-mc,1.0
"(166, 168)",0.028985507246376812,hbond,0.5,sc-sc,1.0
"(270, 275)",0.014492753623188406,hbond,1.0,sc-mc,1.0
"(271, 277)",0.014492753623188406,hbond,1.0,mc-mc,1.0
"(12, 280)",0.014492753623188406,hydrophobic,1.0,sc-sc,1.0
"(32, 295)",0.043478260869565216,saltbridge,0.6666666666666666,sc-sc,0.6666666666666666
"(222, 223)",0.014492753623188406,hydrophobic,1.0,sc-sc,1.0
"(260, 263)",0.014492753623188406,hydrophobic,1.0,sc-sc,1.0
"(279, 282)",0.014492753623188406,hbond,1.0,mc-mc,1.0
"(6, 286)",0.014492753623188406,hbond,1.0,sc-mc,1.0
"(7, 15)",0.014492753623188406,hbond,1.0,sc-sc,1.0
"(8, 9)",0.014492753623188406,hydrophobic,1.0,sc-sc,1.0
"(8, 11)",0.014492753623188406,hydrophobic,1.0,sc-sc,1.0
"(75, 133)",0.028985507246376812,hydrophobic,0.5,sc-sc,1.0
"(139, 145)",0.014492753623188406,hbond,1.0,mc-sc,1.0
"(24, 279)",0.028985507246376812,saltbridge,1.0,sc-sc,1.0
"(25, 279)",0.028985507246376812,hbond,1.0,sc-sc,1.0
"(27, 276)",0.028985507246376812,hydrophobic,1.0,sc-sc,1.0
"(29, 276)",0.028985507246376812,hydrophobic,1.0,sc-sc,1.0
"(29, 280)",0.028985507246376812,hydrophobic,0.5,sc-sc,1.0
"(36, 38)",0.028985507246376812,hbond,1.0,sc-sc,1.0
"(133, 142)",0.028985507246376812,hydrophobic,0.5,sc-sc,0.5
"(137, 140)",0.014492753623188406,hbond,1.0,mc-mc,1.0
"(140, 157)",0.028985507246376812,hbond,0.5,sc-mc,0.5
"(156, 171)",0.028985507246376812,saltbridge,1.0,sc-sc,1.0
"(215, 274)",0.028985507246376812,saltbridge,1.0,sc-sc,1.0
"(219, 278)",0.028985507246376812,hydrophobic,1.0,sc-sc,1.0
"(221, 285)",0.028985507246376812,hydrophobic,1.0,sc-sc,1.0
"(240, 277)",0.028985507246376812,hydrophobic,1.0,sc-sc,1.0
"(259, 277)",0.028985507246376812,hydrophobic,1.0,sc-sc,1.0
"(260, 261)",0.014492753623188406,hbond,1.0,mc-sc,1.0
"(263, 266)",0.043478260869565216,hbond,0.6666666666666666,mc-mc,0.6666666666666666
"(5, 283)",0.028985507246376812,hbond,0.5,sc-sc,1.0
"(39, 295)",0.014492753623188406,saltbridge,1.0,sc-mc,1.0
"(176, 177)",0.028985507246376812,hbond,1.0,sc-mc,1.0
"(120, 122)",0.014492753623188406,hbond,1.0,sc-mc,1.0
"(90, 116)",0.014492753623188406,hydrophobic,1.0,sc-sc,1.0
"(6, 7)",0.014492753623188406,hydrophobic,1.0,sc-sc,1.0
"(11, 24)",0.014492753623188406,hydrophobic,1.0,sc-sc,1.0
"(12, 21)",0.014492753623188406,hydrophobic,1.0,sc-sc,1.0
"(12, 274)",0.014492753623188406,hydrophobic,1.0,sc-sc,1.0
"(80, 81)",0.014492753623188406,hydrophobic,1.0,sc-sc,1.0
"(97, 100)",0.014492753623188406,hbond,1.0,mc-sc,1.0
"(132, 133)",0.014492753623188406,hydrophobic,1.0,sc-sc,1.0
"(224, 283)",0.014492753623188406,saltbridge,1.0,sc-sc,1.0
"(224, 295)",0.014492753623188406,saltbridge,1.0,sc-mc,1.0
"(233, 268)",0.014492753623188406,hbond,1.0,sc-sc,1.0
"(2, 5)",0.014492753623188406,hbond,1.0,mc-mc,1.0
"(11, 20)",0.014492753623188406,hbond,1.0,mc-sc,1.0
"(21, 22)",0.014492753623188406,hydrophobic,1.0,sc-sc,1.0
"(60, 63)",0.014492753623188406,hydrophobic,1.0,sc-sc,1.0
"(80, 206)",0.014492753623188406,hbond,1.0,sc-mc,1.0
"(81, 206)",0.014492753623188406,hbond,1.0,mc-sc,1.0
"(84, 94)",0.014492753623188406,hydrophobic,1.0,sc-sc,1.0
"(85, 123)",0.014492753623188406,hbond,1.0,mc-mc,1.0
"(146, 148)",0.014492753623188406,hydrophobic,1.0,sc-sc,1.0
"(168, 232)",0.014492753623188406,hbond,1.0,sc-sc,1.0
"(287, 290)",0.014492753623188406,hbond,1.0,mc-mc,1.0
"(93, 160)",0.014492753623188406,saltbridge,1.0,sc-sc,1.0
"(93, 163)",0.014492753623188406,saltbridge,1.0,sc-sc,1.0
"(3, 6)",0.014492753623188406,hbond,1.0,sc-mc,1.0
"(9, 19)",0.014492753623188406,hbond,1.0,mc-mc,1.0
"(19, 43)",0.014492753623188406,hbond,1.0,sc-sc,1.0
"(37, 182)",0.014492753623188406,hbond,1.0,sc-sc,1.0
"(51, 53)",0.014492753623188406,hydrophobic,1.0,sc-sc,1.0
"(51, 238)",0.014492753623188406,hydrophobic,1.0,sc-sc,1.0
"(73, 194)",0.014492753623188406,hbond,1.0,mc-sc,1.0
"(102, 104)",0.014492753623188406,hbond,1.0,mc-sc,1.0
"(144, 152)",0.014492753623188406,hbond,1.0,sc-sc,1.0
"(149, 151)",0.014492753623188406,hbond,1.0,mc-mc,1.0
"(154, 168)",0.014492753623188406,hydrophobic,1.0,sc-sc,1.0
"(155, 168)",0.014492753623188406,hydrophobic,1.0,sc-sc,1.0
"(202, 245)",0.014492753623188406,hydrophobic,1.0,sc-sc,1.0
"(220, 222)",0.014492753623188406,hydrophobic,1.0,sc-sc,1.0
"(237, 240)",0.014492753623188406,saltbridge,1.0,sc-sc,1.0
"(5, 179)",0.014492753623188406,hbond,1.0,mc-sc,1.0
"(41, 287)",0.014492753623188406,hbond,1.0,mc-mc,1.0
"(78, 79)",0.014492753623188406,hbond,1.0,sc-mc,1.0
"(179, 182)",0.014492753623188406,hbond,1.0,mc-sc,1.0
"(242, 244)",0.014492753623188406,hydrophobic,1.0,sc-sc,1.0
"(34, 292)",0.014492753623188406,hydrophobic,1.0,sc-sc,1.0
"(186, 293)",0.014492753623188406,hbond,1.0,sc-mc,1.0
"(5, 19)",0.014492753623188406,hbond,1.0,mc-mc,1.0
"(187, 190)",0.014492753623188406,hbond,1.0,mc-mc,1.0
"(145, 214)",0.014492753623188406,saltbridge,1.0,sc-sc,1.0
"(148, 215)",0.014492753623188406,saltbridge,1.0,sc-sc,1.0
"(156, 215)",0.014492753623188406,saltbridge,1.0,sc-sc,1.0
"(170, 271)",0.014492753623188406,hbond,1.0,mc-mc,1.0
"(172, 268)",0.014492753623188406,hydrophobic,1.0,sc-sc,1.0
"(174, 262)",0.014492753623188406,hbond,1.0,sc-sc,1.0
"(109, 111)",0.014492753623188406,hbond,1.0,sc-mc,1.0
