msa_numb	pos_scr	1M40_TEM-1
1	0	-
2	0	-
3	0.28	H
4	0	-
5	0.27	P
6	0	-
7	0.35	E
8	0	-
9	0.5	T
10	0	-
11	0	-
12	0.55	L
13	0.46	V
14	0	-
15	0	-
16	0.59	K
17	0	-
18	0.61	V
19	0.59	K
20	0.55	D
21	0.5	A
22	0.82	E
23	0.47	D
24	0.54	Q
25	0.5	L
26	0.7	G
27	0.7	A
28	0.75	R
29	0.7	V
30	0.96	G
31	0.42	Y
32	0.46	I
33	0.46	E
34	0.71	L
35	0.76	D
36	0.45	L
37	0.5	N
38	0.64	S
39	0.76	G
40	0.61	K
41	0.44	I
42	0.67	L
43	0.13	E
44	0.56	S
45	0.56	F
46	0.81	R
47	0.51	P
48	0.58	E
49	0.78	E
50	0.82	R
51	0.9	F
52	0.73	P
53	0.64	M
54	0.28	M
55	0.89	S
56	0.83	T
57	0.7	F
58	0.86	K
59	0.62	V
60	0.64	L
61	0.7	L
62	0.38	C
63	0.65	G
64	0.75	A
65	0.83	V
66	0.87	L
67	0.54	S
68	0.61	R
69	0.51	V
70	0	-
71	0.62	D
72	0.58	A
73	0.56	G
74	0.49	Q
75	0.57	E
76	0.43	Q
77	0.81	L
78	0.5	G
79	0.61	R
80	0.61	R
81	0.76	I
82	0.45	H
83	0	-
84	0.72	Y
85	0.57	S
86	0.53	Q
87	0.56	N
88	0.73	D
89	0.83	L
90	0	-
91	0	-
92	0.76	V
93	0	-
94	0.53	E
95	0	-
96	0.7	Y
97	0.79	S
98	0	-
99	0	-
100	0.92	P
101	0.74	V
102	0.74	T
103	0.75	E
104	0.76	K
105	0.67	H
106	0.68	L
107	0.46	T
108	0	-
109	0	-
110	0.56	D
111	0.87	G
112	0	-
113	0	-
114	0.75	M
115	0.83	T
116	0.76	V
117	0.47	R
118	0.79	E
119	0.82	L
120	0.51	C
121	0.56	S
122	0.83	A
123	0.75	A
124	0.72	I
125	0.53	T
126	0.39	M
127	0.89	S
128	0.89	D
129	0.8	N
130	0.72	T
131	0.85	A
132	0.65	A
133	0.8	N
134	0.75	L
135	0.86	L
136	0.78	L
137	0.53	T
138	0	-
139	0.49	T
140	0.73	I
141	0.94	G
142	0.94	G
143	0.87	P
144	0	-
145	0	-
146	0	-
147	0	-
148	0.57	K
149	0.52	E
150	0.71	L
151	0.76	T
152	0.66	A
153	0.74	F
154	0.67	L
155	0.44	H
156	0.55	N
157	0.58	M
158	0.95	G
159	0.84	D
160	0.42	H
161	0.64	V
162	0.58	T
163	0.76	R
164	0.78	L
165	0.79	D
166	0.82	R
167	0.44	W
168	0.85	E
169	0.71	P
170	0.73	E
171	0.84	L
172	0.77	N
173	0.55	E
174	0.71	A
175	0.63	I
176	0.85	P
177	0	-
178	0.5	N
179	0.81	D
180	0.5	E
181	0.77	R
182	0.87	D
183	0	-
184	0.86	T
185	0	-
186	0.79	T
187	0.37	M
188	0.87	P
189	0.57	A
190	0.82	A
191	0.66	M
192	0.8	A
193	0.54	T
194	0.71	T
195	0.83	L
196	0.62	R
197	0.69	K
198	0.8	L
199	0.61	L
200	0.47	T
201	0.86	G
202	0.55	E
203	0	-
204	0.51	L
205	0.9	L
206	0.57	T
207	0.42	L
208	0.57	A
209	0.61	S
210	0	-
211	0.75	R
212	0.54	Q
213	0.61	Q
214	0.84	L
215	0.54	I
216	0.6	D
217	0.87	W
218	0.7	M
219	0.47	E
220	0.58	A
221	0.6	D
222	0	-
223	0.59	K
224	0.54	V
225	0.6	A
226	0.56	G
227	0.49	P
228	0.52	L
229	0.71	L
230	0.82	R
231	0.61	S
232	0.61	A
233	0.75	L
234	0.92	P
235	0.67	A
236	0	-
237	0.67	G
238	0.88	W
239	0.42	F
240	0.7	I
241	0	-
242	0	-
243	0.67	A
244	0.83	D
245	0.84	K
246	0.7	S
247	0.96	G
248	0.64	A
249	0	-
250	0.84	G
251	0	-
252	0.53	E
253	0	-
254	0.35	R
255	0.92	G
256	0	-
257	0.65	S
258	0.59	R
259	0	-
260	0	-
261	0.52	G
262	0.32	I
263	0.75	I
264	0.79	A
265	0	-
266	0.53	A
267	0.67	L
268	0.35	G
269	0	-
270	0.87	P
271	0	-
272	0.52	D
273	0.7	G
274	0.6	K
275	0.41	P
276	0	-
277	0.51	S
278	0.38	R
279	0.71	I
280	0.72	V
281	0	-
282	0.66	V
283	0.69	I
284	0.79	Y
285	0.61	T
286	0	-
287	0.71	T
288	0.49	G
289	0.56	S
290	0.58	Q
291	0.56	A
292	0	-
293	0.55	T
294	0	M
295	0.36	D
296	0.53	E
297	0.48	R
298	0.62	N
299	0.52	-
300	0.46	R
301	0.4	Q
302	0.78	I
303	0.8	A
304	0.61	E
305	0.54	I
306	0.62	G
307	0.53	A
308	0.45	S
309	0.62	L
310	0	-
311	0	-
312	0	-
313	0	-
314	0	-
315	0	-
316	0	-
317	0.56	I
318	0.58	K
319	0	-
320	0.41	H
321	0.39	W
322	0	-
323	0	-
324	0	-
325	0	-
326	0	-
327	0	-
